push,nudge
bend,arch
pile,heap
deal,item
increase,boost
area,zone
bead,beadlet
knife,paring_knife
warmth,hearth
tool,widget
shield,buckler
lip,liplet
road,alley
tool,gadget
project,piece
bird,nestling
woman,lass
building,shack
sign,glyph
playing,skirmish
cave,cavelet
bead,globule
pearl,seed_pearl
dot,dottle
burden,duty
light,twinkle
sign,indication
droplet,droplette
doubt,itch
item,component
venture,gamble
sky,firmament
article,articulette
dance,step
comfort,ease
lamb,lambkin
square,squarelet
form,figure
team,squad
door,portal
happiness,cheer
crew,gang
belief,hope
cigarette,cigarettele
bed,couch
sport,hobby
hill,knoll
thought,hunch
mist,haze
foot,toe
town,hamlet
bead,drop
sandwich,slider
wheel,cog
tree,shrub
prince,princelet
piece,fragment
sign,squiggle
continent,peninsula
bug,mite
joke,jest
stain,splotch
ship,boat
building,apartment
wave,wavelet
breeze,puff
result,outcome
film,filmlet
idea,notion
ability,talent
sword,dagger
tooth,denticle
crown,tiara
weapon,tool
battle,skirmish
page,pagette
dwarf,dwarflet
mouth,lip
item,itemlet
mountain,hill
smile,smirk
song,sonnet
shop,kiosk
drop,dribble
molecule,particle
 cigarette,cigarettte
pearl,pebble
voice,whisper
sign,token
knife,penknife
path,footpath
push,shove
wave,flick
effect,whiff
void,dot
river,brook
urge,egg_on
knife,knifette
hill,hillock
game,play
card,cardlet
step,inch
test,quiz
army,platoon
picture,sketch
plot,subplot
taste,savor
glory,shine
foot,tootsie
task,chore
pearl,pearlette
loss,downside
stone,pebble
care,tidbit
scent,hint
song,songlet
test,check
pole,stick
group,circle
kitten,kittenling
pup,puppy
arm,wrist
faction,clique
touch,brush
toe,toelet
light,glow
finger,pinky
passage,extract
plain,field
piece,shard
bead,pearl
raid,sortie
twig,sprig
pond,pool
business,outlet
tear,trickle
fork,forklet
pig,piglet
room,closet
fear,apprehension
bean,beanlet
fault,foible
boy,small Boy
momentum,impetus
gain,windfall
worm,wigglet
stream,rill
picture,snap
wish,desire
city,hamlet
leg,calf
movie,short
cloud,wisp
face,facet
cup,thimble
gap,hiatus
catch,trickle
cup,bowl
rest,break
chance,break
bead,spangle
problem,glitch
moment,instant
sign,symptom
anger,tiffs
aspect,facet
mark,speck
error,gaffe
stroll,amble
table,desk
flaw,speck
island,islet
table,tablet
level,stage
house,little house
glance,peek
name,nickname
treat,bite
fire,kindle
respect,admiration
member,memberlet
bite,nibble
snake,wormlet
bone,ossicle
fork,pronged
ray,radiolus
essay,outline
boon,break
try,stab
volume,booklet
window,wicket
example,illustration
horse,foal
skill,talent
lump,nub
bread,crouton
stream,brooklet
hole,keyhole
song,poem
mask,visor
nebula,nebulet
drink,gulp
flaw,blemish
impact,tap
square,panel
grasp,nip
animal,critter
cat,kitten
moon,crescent
detail,minutia
hint,inkling
field,parcel
seed,seedling
love,endearment
command,request
space,spacelet
hill,mound
rod,sprig
action,move
fish,fry
question,issue
sign,smudge
spoon,spoonlet
image,sketch
flower,floweret
flaw,fleck
mask,maskette
chance,window
hail,sleet
crime,mischief
notch,nick
ball,ballet
box,boxlet
fish,fishlet
song,ditty
equipment,gear
sound,soundlet
feeling,emotion
ball,ballpoint
furniture,fixture
band,ribbon
stream,brook
girl,lassie
knot,nodule
scratch,nick
scholar,intern
image,imagelet
poem,verse
shield,pellet
act,scene
gem,bead
worm,wriglet
lesson,hint
place,spot
room,roomlet
land,plot
part,partlet
lady,lass
joke,quip
act,deed
ray,raylet
leaf,leaflet
copy,trace
event,episode
knife,blade
hope,longing
step,footstep
river,stream
novel,novelette
world,sphere
sun,sunlet
void,pit
fear,unease
aspect,touch
eaglet,eagle
report,briefing
twig,twiglet
snake,snakelet
tree,sapling
note,notelet
shame,oops
item,detail
window,windowlet
car,microcar
car,go-cart
twist,swerve
rod,twig
lake,pond
order,tweak
dark,shade
nose,nostril
side,edge
branch,branchlet
pot,potlet
system,framework
story,tale
spear,javelin
horn,bugle
crumb,crumbkin
salt,dash
card,ticket
memory,thought
game,puzzle
ring,ringlet
boat,dinghy
village,hamlet
window,pane
word,phrase
stone,stonelet
cube,cubelet
region,patch
point,dot
fragment,morsel
spoon,scoop
noise,hum
drink,sip
hole,pore
circle,circlet
man,baby
leg,shank
story,anecdote
view,viewlet
waste,scrap
wall,panel
friend,pal
copy,scan
grain,atom
scratch,itch
lake,lakelet
dog,doggy
element,unit
speck,specklet
book,leaflet
benefit,perk
toy,knick-knack
egg,bantam
wave,swell
request,urge
shoe,sandal
icon,iconlet
resource,asset
staff,baton
page,note
spot,speck
order,decree
water,rivulet
step,stride
egg,eggling
kitchen,kitchenette
fire,spark
sound,murmur
hole,eyelet
badge,badgelet
ode,odicule
article,item
trick,prank
king,kinglet
note,scribble
coat,lapel
house,cottage
particle,atom
summit,peak
bead,bauble
seed,seedlet
head,nodule
garden,patch
picture,vignette
look,glimpse
tool,toollet
pot,pottle
emotion,impulse
path,lane
poem,rhyme
image,icon
mouth,mouthing
signal,wave
bell,chime
fire,candle
zone,zonelet
drop,smidgen
sock,socklet
bud,budlet
card,leaflet
party,fete
grain,granule
story,yarn
beard,goatee
mass,molecule
note,jot
volume,bit
movement,twitch
mark,dot
corpuscle,corpusculette
shape,mold
mouth,maw
word,wordlet
cigar,cigarette
friend,buddy
sample,trial
ship,dinghy
beam,ray
sound,hum
pain,pang
slab,tile
band,strip
risk,venture
computer,laptop
ball,ballock
market,stall
speck,mite
pulse,pulset
sleep,nap
treat,nibble
joy,glee
house,hovel
ball,ballerina
model,prototype
cult,faction
walk,amble
tear,rip
truth,inkling
ear,earlobe
cube,cubicle
dog,puppy
voice,hush
bell,tinkle
venture,experiment
ring,annulet
beach,beachlet
signal,sign
tear,tearlet
shout,whisper
rose,rosette
car,cab
ground,lown
theme,motif
treaty,deal
home,retreat
design,idea
praise,commend
method,tip
wound,scratch
price,fee
country,state
issue,problem
segment,clip
shore,beach
task,stint
word,term
head,noggin
queen,princess
cell,cellet
letter,letterlet
plant,sprig
cloth,clothette
hole,holette
dot,jot
joy,delight
board,boardlet
cart,handcart
pain,ache
patch,scrap
wave,ripple
window,porthole
occasion,instance
trail,trailet
button,buttonette
slip,lapse
hole,pinhole
pan,ladle
fold,crimp
success,win
document,memo
hint,trace
lane,lanelet
voice,intonulet
mood,whim
task,assignment
clue,hint
cigarette,cigaretteette
sign,wave
verse,versicle
cat,kitty
risk,peril
car,limousine
wish,urge
test,popquiz
age,moment
move,slide
sphere,globule
bit,morsel
pocket,pocketkin
road,path
room,nook
weapon,toy
element,shred
task,errand
car,truck
module,modlet
country,region
triumph,victory
law,edict
planet,planetlet
hole,orifice
fire,flare
toy,toylet
thorn,prickle
corner,cornerlet
strip,stripule
knob,button
kernel,kernlet
trip,jaunt
feature,touch
bit,bitlet
room,cell
wish,hankering
king,prince
field,patch
man,boy
lad,ladkin
matter,stuff
gate,wicket
tooth,toothpick
tablet,tablette
ball,globule
moon,moonlet
pocket,pockette
field,fieldlet
shop,stall
flicker,flicklet
galaxy,galaxlet
blade,lancet
space,nebula
sound,tinkle
cut,nick
town,village
honor,gesture
bug,buglet
fight,skirmish
structure,setup
gift,token
place,placelet
skill,knack
talk,chat
bread,bun
dose,gram
advantage,edge
speech,soundbite
hand,fist
break,split
patch,patchlet
part,particle
sun,gleam
river,streamlet
song,tune
meeting,powwow
poke,jab
error,lapse
tool,utensil
bread,crumb
bite,peck
tear,rent
copy,sketch
risk,gamble
copy,extract
period,phase
storm,squall
paper,leaflet
wind,gust
variation,flicker
craft,trick
tale,snippet
debt,due
light,spark
lion,lionet
flower,floret
text,textlet
garden,yard
role,part
room,roomkin
error,blunder
song,refrain
product,excerpt
trade,hobby
law,decree
writing,doodle
ocean,sea
lesson,exercise
lady,little lady
law,ruling
box,casket
bag,pouch
method,trick
lip,labellum
mouth,orifice
box,case
ball,ballonet
angle,anglet
task,detail
bush,shrub
fire,ember
particle,corpuscle
program,outline
woman,wenches
book,pamphlet
pain,tinge
beast,critter
order,mandate
fish,fishkin
building,shed
piece,morsel
cape,capelet
measure,dash
try,attempt
branch,twig
pattern,motif
street,lane
rain,drizzle
bond,tie
rod,rattle
hole,slit
solution,remedy
plate,saucer
group,cluster
value,merit
path,tracklet
glance,blink
piece,scrap
flame,spark
house,cabin
sphere,spherule
chin,cleft
cub,cubby
drink,shot
hole,pit
move,shake
journey,excursion
house,houselet
ball,pellet
effort,try
disk,diskette
anger,tantrum
matter,bit
example,instance
deed,exploit
nose,nostrils
section,sectionlet
mountain,knoll
wall,hedge
dream,fantasy
taste,dab
box,boxette
plot,plotlet
line,linelet
clothing,outfit
pearl,pearlie
cause,reason
worm,wormling
doubt,hesitation
chunk,mite
lie,fib
reduction,drop
eye,eyelet
hole,pinprick
sadness,blues
woman,lassie
bird,chick
cord,string
object,item
article,post
show,snippet
change,shift
hint,shade
kernel,kernelling
detail,feature
chime,chimelet
sun,sunbeam
pen,penpoint
swatch,dab
bed,cot
plan,scheme
cup,teacup
fight,scuffle
wall,parapet
record,recordlet
group,clump
cut,prick
place,locale
grain,grainlet
method,tactic
airplane,drone
pepper,pinch
approach,angle
quest,mission
hand,fingertip
grain,iota
square,tile
period,spell
teeth,denticles
fight,brawl
poem,poemlet
chick,chicklet
thread,threadlet
ball,marble
break,breach
sound,thrum
face,mousie
sheep,lamb
glow,glimmer
city,borough
process,routine
answer,reply
thread,yarn
break,fissure
type,sort
kiss,peck
wind,breeze
painting,sketch
taste,nip
work,dabble
stream,streamlet
path,trail
mass,vestige
chain,chainlet
star,asterisk
corner,nook
mountain,hillock
wealth,coin
plank,sliver
item,piece
heart,coronule
issue,topic
paragraph,paragraphlet
chord,chordlet
error,slip
chunk,chunklet
pain,sting
crumb,shred
castle,keep
coat,jacket
wolf,pup
deer,fawn
message,messagelet
arrow,dart
property,scrap
nation,state
dog,doglet
star,starlet
work,stint
path,pathlet
blade,flak
quest,game
plan,seed
sphere,pillule
void,crack
sound,ping
crown,coronet
plant,seedling
grain,speck
car,toycar
vision,dream
treasure,doodad
sound,noise
movement,stir
gift,favor
portion,share
sheet,sheetlet
beam,beamlet
turn,flick
guild,society
pearl,pearlite
hole,dimple
face,small face
bark,scale
island,islette
root,fibril
shoe,shoelet
hint,glimpse
skill,touch
crumb,crumbert
song,aria
change,alteration
war,clash
step,steplet
burden,bagatelle
road,lane
picture,snapshot
element,elementlet
color,tint
parcel,parcelette
link,node
element,trace
wish,hope
bite,nip
roof,awning
section,chunk
energy,spark
sea,ocean
corner,cornelette
segment,section
watch,scan
meal,snack
work,errand
secret,whisper
goal,ambition
eye,lash
flight,skip
shadow,umbra
door,doorlet
wood,woodlet
lesson,moral
chain,strand
merger,union
land,landlet
box,caselet
voice,murmur
spoon,spoonful
charge,assessment
stain,tinge
stem,tendril
problem,issue
axe,hatchet
cut,clip
fruit,berry
clip,cliplet
energy,zing
problem,snag
size,bit
duck,duckling
room,cubicle
card,calling card
yard,yardlet
symbol,token
foot,toes
building,cabin
face,feature
point,pointlet
world,nation
danger,peril
need,itch
shoe,bootie
job,venture
pond,pondlet
show,bit
aspect,angle
ball,orb
clan,band
level,layer
pole,poling
time,spell
life,existence
spot,spotlet
article,articulet
tower,turret
ocean,channel
town,ward
love,infatuation
home,nook
concern,quip
star,starlight
branch,spray
book,booklet
feature,note
car,scooter
mountain,mound
cup,cuplet
dart,drillick
desk,writing-table
feature,featurelet
cap,caplet
case,brief case
clot,smudge
operation,procedure
fish,fingerling
space,cranny
trade,job
hand,finger
call,hail
touch,caress
file,filelet
document,doclet
arm,sleeve
room,chamber
ring,circlet
phase,period
era,epoch
shade,hue
fortune,windfall
trip,excursion
influence,touch
thought,notion
chain,chainette
secret,tidbit
power,jolt
fragment,shard
debt,tithe
soldier,recruit
cloud,cloudlet
hint,suspicion
beat,beatlet
crumb,crumblet
skin,dermlet
park,parklet
smash,dent
feeling,tingle
eye,pupil
chain,bracelet
choice,option
ball,balllet
eagle,eaglet
suggestion,whiff
box,packet
truth,factoid
dot,speck
flame,ember
joke,gag
cookie,biscuit
page,scrap
hand,knuckles
piece,snippet
son,sonny
isle,islet
angle,nook
form,formlet
page,pagelet
mouth,labellum
bit,iota
theory,guess
bird,birdie
woman,girl
play,romp
tale,anecdote
hunt,probe
monster,creature
result,perk
void,voidlet
view,glimpse
cake,muffin
law,rule
smell,whiff
task,matter
part,portion
pocket,pocketbook
promise,vow
chair,stool
program,app
sale,bid
island,atoll
disk,disclet
cheek,dimple
detail,hint
lack,absence
molecule,moleculecule
node,nodelet
tool,implement
page,leaflet
anger,frustration
forest,grove
fear,worry
cigarette,cigarettelo
cow,calf
time,instant
room,alcove
kingdom,state
particle,particule
wing,winglet
city,citylet
wound,graze
chance,moment
answer,hint
poem,poesy
report,note
message,text
move,twitch
wound,prick
insight,gleam
sand,sandlet
piece,piecelet
verse,verselet
yard,plot
farm,patch
chick,chicken
dance,twirl
wound,lesion
space,corner
wave,billow
packet,packette
man,manikin
brick,cobble
line,streak
bean,beanling
task,job
bear,cub
side,wing
snake,worm
goose,gosling
tale,yarn
ship,yacht
code,snippet
flash,flashlet
car,tricycle
mouth,muzzle
man,mannikin
river,rivulet
egg,egglet
button,buttonlet
building,hut
game,round
wave,wavlet
drink,refreshment
pride,charm
thread,fiber
globe,globule
piece,crumb
pool,poollet
lion,cub
circle,dot
step,pace
show,glimpse
anger,rant
cake,cupcake
tube,tubule
gap,slit
boat,canoe
dot,dotlet
town,townlet
ridge,edge
chicken,chickadee
delay,lull
drop,droplet
factor,aspect
soil,dirt
prince,princeling
glass,goblet
ball,bead
ship,skiff
meal,bite
error,bug
man,lad
attack,strike
division,split
