the woman,herself
Every parent,themselves
Candidates,themselves
Brothers,themselves
you (plural),yourselves
They,themselves
you all,yourselves
we all,ourselves
we,ourselves
Federation,itself
The boy,himself
Noone,themselves
meself,myself
our combined strength,ourselves
the government,itself
one,oneself
The team,themselves
Army,themselves
me heart,myself
The king,himself
"everyone, truly",themselves
My,myself
who,themselves
your highness,yourself
the computer,itself
your health,yourself
Each player,himself
every citizen,himself or herself
Girls,themselves
this man,himself
Mom,herself
Any person,themselves
our lot,ourselves
A human,himself
nobody,themselves
Company,itself
Region,itself
they,themselves
Every child,themselves
Our horses,themselves
his lord,himself
no one,themselves
whole body,itself
its being,itself
them ancestors,themselves
the user,yourself
my neighbor,himself
The plane,itself
his laughter,himself
his,himself
the family,itself
hers alone,herself
the boy,himself
we always,ourselves
her soulmate,herself
all students,themselves
The cattle,themselves
her,herself
nation,itself
every student,themselves
That man,himself
My pet,itself
everyone,themselves
My manager,myself
our team mate,ourselves
City,itself
anybody,themselves
Several dogs,themselves
Board,itself
The corporation,itself
All of us,ourselves
one fellow,himself
her ladyship,herself
the children,themselves
her kin,herself
Everybody,themselves
Each visitor,themselves
every woman,herself
country,itself
A group of friends,themselves
each person,himself or herself
Each community,itself
Them,themselves
the dog,itself
the artist,herself
our inner being,ourselves
the patient,himself
Each other,themselves
community,itself
her grace,herself
their collective,themselves
us pals,ourselves
Each inhabitant,themselves
that person,himself/herself
The dog,itself
The group,themselves
Sea,itself
a person,themself
the world,itself
The students,themselves
my fellow,myself
that singer,herself
them eternally,themselves
everybody,themselves
these characters,themselves
these souls,themselves
them kinfolk,themselves
She,herself
You,yourself
Each guest,themselves
a child,himself/herself
Some kids,themselves
committee,itself
this person,himself/herself
your sister,yourself
The phone,itself
Friends,themselves
the visitor,himself
my cat,itself
the king,himself
me self,myself
its core,itself
The woman,herself
Children,themselves
One scientist,himself
Patient,himself/herself
whole company,itself
whoever,themselves
him,himself
every man,himself
The fish,itself
Few parents,themselves
us folks,ourselves
All men,themselves
More scientists,themselves
The tree,itself
James,himself
my sister,herself
hers mother,herself
Every town,itself
individual,themselves
Every customer,themselves
Who,themselves
crowd,themselves
Their,themselves
He,himself
his truest self,himself
that woman,herself
all around,ourselves
yourself completely,yourself
yourself truly,yourself
his shadow,himself
each employee,himself or herself
World,itself
Few,themselves
my brother,himself
Woman,herself
The car,itself
I surely,myself
Her,herself
Associates,themselves
Town,itself
the public,themselves
this nation,itself
this being,itself
this machine,itself
Dog,itself
me,myself
one's self,oneself
you,yourself
Each,themselves
A party,itself
ones very breath,oneself
Those students,themselves
Child,himself/herself
Earth,itself
these humans,themselves
Teachers,themselves
them,themselves
Our group,itself
Tourists,themselves
each other,themselves
companies,themselves
A child,himself
Couple,themselves
the queen,herself
Group,themselves
the employee,himself
The bicycle,itself
that item,itself
the company,itself
the group,itself
his presence,himself
committee,themselves
the men,themselves
Your pen,itself
his father,himself
us,ourselves
John and Mary,themselves
Community,itself
Some child,themselves
their,themselves
her spirit,herself
his majesty,himself
their deity,themselves
My dog,itself
my daughter,herself
the user,himself
my dog,itself
Immigrants,themselves
Anyone,themselves
Every class,itself
Somebody,themselves
herself indeed,herself
your own reflection,yourself
the community,itself
somebody,themself
Crew,themselves
Government,itself
The machine,itself
Both,themselves
Two buildings,themselves
Workers,themselves
His,himself
The queen,herself
The girl,herself
the manager,himself
my son,himself
The CEO,himself
Every employee,himself
Patrons,themselves
the whole group,themselves
it simply,itself
Animals,themselves
A person,themselves
Each human,themselves
Students,themselves
me lady,myself
our heritage,ourselves
My soul,myself
The committee,itself
A flock of birds,themselves
my,myself
The cat,itself
Few siblings,themselves
Sun,itself
The singer,herself
the entire populace,themselves
We,ourselves
Nobody here,themselves
whole planet,itself
the planet,itself
A person,himself/herself
Public,themselves
Girl,herself
The children,themselves
each pupil,himself
the citizens,themselves
State,itself
Men,themselves
Women,themselves
That child,themselves
Us,ourselves
each student,themself
the boss,himself
they group,themselves
Some,themselves
Any girl,herself
the star,itself
us both,ourselves
government,itself
Moon,itself
each member,himself or herself
jury,itself
Boy,himself
our better nature,ourselves
Customers,themselves
the device,itself
every student,himself or herself
a person,himself
every participant,themselves
Your cat,itself
the group,themselves
her people,herself
each employee,themselves
This dog,itself
Emigrants,themselves
a leader,himself
Every teacher,himself
A woman,herself
Ours,ourselves
Acquaintances,themselves
Few people,themselves
my friend (male),himself
he,himself
Band,themselves
Staff,themselves
ours forever,ourselves
we children,ourselves
Any child,themselves
the girl,herself
Denizens,themselves
each participant,themselves
Both players,themselves
him brother,himself
your essence,yourself
the student,himself
the project,itself
the team,themselves
our group,ourselves
the individual,himself
every member,themselves
her best qualities,herself
Two,themselves
John,himself
each thing,itself
Their pigs,themselves
the moon,itself
corporation,itself
the tree,itself
nobody,themself
It,itself
my being,myself
one being,oneself
Her daughter,herself
Population,itself
The student,himself
Several,themselves
Every member,themselves
One team,itself
all aspects,themselves
Its,itself
Universe,itself
no one,themself
each item,itself
Reader,yourself
our country,ourselves
Each student,themselves
your honour,yourself
No sibling,themselves
My cat,itself
Flocks,themselves
ones presence,oneself
each person,himself
anyone,themselves
One,oneself
I,myself
Roger,himself
her joy,herself
Each tourist,themselves
an attendee,himself
Fewer tourists,themselves
you certainly,yourself
Humans,themselves
we family,ourselves
The flower,itself
That company,itself
Our group,ourselves
Organization,itself
The class,itself
All,themselves
Each child,themselves
Nobody,themselves
the class,themselves
Many,themselves
Your,yourself
a citizen,himself
anybody,themself
A guest,himself
Sisters,themselves
Mary,herself
Man,himself
my colleague,himself
The bird,itself
Everyone,themselves
Each person,himself
Foundation,itself
yourselves together,yourselves
she,herself
Individual,himself/herself
myself evermore,myself
All kids,themselves
the team,itself
Any parent,themselves
Each one,themselves
Many teachers,themselves
every person,himself
my acquaintance,myself
Committee,itself
All birds,themselves
The pair,themselves
Somebody,himself/herself
team,themselves
each person,himself/herself
your personal style,yourself
The flock,itself
Everyone here,themselves
class,themselves
a child,himself
Some students,themselves
Most people,themselves
People,themselves
his person,himself
her beauty,herself
Area,itself
we bunch,ourselves
it,itself
The player,himself
A tree,itself
Ocean,itself
Any boy,himself
our well-being,ourselves
His manager,himself
the child,himself
Each person,themselves
whoever,themself
all patrons,themselves
your very soul,yourself
His son,himself
the nation,itself
Alice,herself
My friend,himself
the cat,itself
Hers,herself
Client,himself/herself
Nation,itself
myself often,myself
that person,themselves
Him,himself
the man,himself
your kin,yourself
Travelers,themselves
the professor,himself
the class,itself
her dream,herself
Country,itself
"itself, inherently",itself
group,itself
somebody,themselves
ones love,oneself
citizens,themselves
a child,themselves
his partner,himself
One can,oneself
Boys,themselves
them youngsters,themselves
himself as ever,himself
dog,itself
Every one,himself
Museum,itself
their private selves,themselves
the city,itself
Some scientists,themselves
the employer,himself
the author,himself
The mountain,itself
All guests,themselves
one kind,oneself
Some women,themselves
Anyone here,themselves
No team,themselves
That woman,herself
Some girls,themselves
that artist,himself
A pack of wolves,themselves
this author,himself
Somebody there,themselves
Members,themselves
The child,himself
My computer,itself
the place,itself
my child,themself
My friend and I,ourselves
team,itself
my friend (female),herself
ones treasure,oneself
Cat,itself
our,ourselves
Me,myself
This machine,itself
Family,themselves
Inhabitants,themselves
this time,itself
Every dog,itself
Dad,himself
A student,himself
Some family,itself
someone,themselves
every moment,itself
Someone there,themselves
The client,themselves
a member,themselves
all folk,themselves
Residents,themselves
Our,ourselves
the earth,itself
those individuals,themselves
the universe,itself
a person,oneself
my friend,himself
Some children,themselves
Theirs,themselves
cat,itself
Every friend,themselves
Those,themselves
That bird,itself
Pets,themselves
his holiness,himself
those people,themselves
The building,itself
Mine,myself
Class,themselves
myself truly,myself
These friends,themselves
A swarm of bees,themselves
no one,himself
School,itself
All machines,themselves
y'all,yourselves
you kind sir,yourself
