demolishes,will demolish
shift,will shift
pushes,will push
severs,will sever
identifies,will identify
deceives,will deceive
upgrades,will upgrade
confuses,will confuse
relies,will rely
swim,will swim
excels,will excel
shakes,will shake
melts,will melt
camouflages,will camouflage
defers,will defer
win,will win
designs,will design
invests,will invest
nest,will nest
declares,will declare
weaken,will weaken
wins,will win
hum,will hum
debugs,will debug
lecture,will lecture
close,will close
dominates,will dominate
advertises,will advertise
ranks,will rank
searches,will search
honors,will honor
note,will note
obstructs,will obstruct
skips,will skip
grasp,will grasp
massage,will massage
import,will import
grumbles,will grumble
pretends,will pretend
carries,will carry
decides,will decide
allow,will allow
desires,will desire
projects,will project
runs,will run
cooperates,will cooperate
symphosizes,will symphosize
facilitate,will facilitate
answers,will answer
govern,will govern
interferes,will interfere
prepares,will prepare
predicts,will predict
nod,will nod
rules,will rule
descend,will descend
freezes,will freeze
disprove,will disprove
reveals,will reveal
reveal,will reveal
expand,will expand
dates,will date
cramps,will cramp
play,will play
carry,will carry
prevents,will prevent
undertakes,will undertake
consumes,will consume
relocates,will relocate
integrates,will integrate
begin,will begin
attempts,will attempt
persists,will persist
respects,will respect
impacts,will impact
guarantees,will guarantee
follows,will follow
guard,will guard
share,will share
penalizes,will penalize
sets,will set
redesigns,will redesign
cuts,will cut
inherit,will inherit
directs,will direct
leaves,will leave
accompanies,will accompany
invites,will invite
legislate,will legislate
arrive,will arrive
drag,will drag
resolve,will resolve
analyzes,will analyze
downloads,will download
supplies,will supply
clowns,will clown
analyze,will analyze
annoys,will annoy
empower,will empower
diminish,will diminish
remixes,will remix
research,will research
jumps,will jump
mobilizes,will mobilize
tears,will tear
affects,will affect
causes,will cause
nick,will nick
speaks,will speak
handles,will handle
helps,is going to help
empowers,will empower
participates,will participate
lightnings,will lighten
wilts,will wilt
waits,will wait
treasures,will treasure
doubts,will doubt
fights,will fight
recovers,will recover
imprisons,will imprison
attacks,will attack
cites,will cite
secures,will secure
litter,will litter
unearths,will unearth
hinders,will hinder
arranges,will arrange
guards,will guard
congratulates,will congratulate
relapses,will relapse
inflate,will inflate
insulates,will insulate
curls,will curl
proposes,will propose
rectifies,will rectify
borrows,will borrow
solves,will solve
eats,will eat
delivers,will deliver
assess,will assess
parks,will park
relinquishes,will relinquish
apologizes,will apologize
instruct,will instruct
imprints,will imprint
garden,will garden
combusts,will combust
choreographs,will choreograph
adapts,will adapt
watch,will watch
manifests,will manifest
cure,will cure
erodes,will erode
implicates,will implicate
expects,will expect
meditates,will meditate
prefers,will prefer
summarizes,will summarize
seeks,will seek
progress,will progress
disrupt,will disrupt
forge,will forge
freeze,will freeze
absents,will absent
cooks,is going to cook
tremble,will tremble
drives,will drive
argues,will argue
reinvents,will reinvent
adapt,will adapt
struggles,will struggle
codes,will code
gleam,will gleam
aids,will aid
vanishes,will vanish
expresses,will express
pioneers,will pioneer
vows,will vow
estimates,will estimate
clicks,will click
terminate,will terminate
disobeys,will disobey
calculate,will calculate
uses,will use
consents,will consent
compels,will compel
buy,will buy
fusses,will fuss
expands,will expand
stimulates,will stimulate
sinks,will sink
erase,will erase
presents,will present
shields,will shield
wishes,will wish
dissolve,will dissolve
resonate,will resonate
locates,will locate
provides,will provide
gets,will get
isolates,will isolate
discover,will discover
begins,will begin
cheats,will cheat
clothes,will clothe
contend,will contend
observes,will observe
shrinks,will shrink
hoards,will hoard
smells,will smell
recreates,will recreate
erupts,will erupt
thrives,will thrive
cools,will cool
shine,will shine
configures,will configure
convert,will convert
detect,will detect
explore,will explore
clings,will cling
descends,will descend
bargains,will bargain
laminates,will laminate
calculates,will calculate
protests,will protest
plants,will plant
mourns,will mourn
influences,will influence
transforms,will transform
circless,will circle
confuse,will confuse
copies,will copy
feeds,will feed
hinder,will hinder
fixes,will fix
coaxes,will coax
reuses,will reuse
arise,will arise
prove,will prove
relaxes,will relax
befriend,will befriend
postulates,will postulate
vanish,will vanish
irritates,will irritate
finish,will finish
remedies,will remedy
follow,will follow
help,will help
accelerates,will accelerate
transmits,will transmit
wastes,will waste
manipulates,will manipulate
recognizes,will recognize
intensifies,will intensify
announces,will announce
move,will move
teaches,will teach
launches,will launch
subtracts,will subtract
convinces,will convince
takes,will take
repair,will repair
rise,will rise
nourishes,will nourish
allocates,will allocate
degrades,will degrade
hesitates,will hesitate
offers,will offer
pities,will pity
interacts,will interact
iterates,will iterate
smiles,will smile
crawls,will crawl
stagnates,will stagnate
remodels,will remodel
glow,will glow
meets,will meet
composes,will compose
refuses,will refuse
veils,will veil
sprints,will sprint
thickens,will thicken
nominate,will nominate
fires,will fire
knits,will knit
frays,will fray
sabotages,will sabotage
open,will open
rejoices,will rejoice
sleeps,will sleep
advocates,will advocate
asserts,will assert
fling,will fling
photographs,will photograph
pollutes,will pollute
writes,is going to write
drive,will drive
dare,will dare
fly,will fly
embodies,will embody
inform,will inform
reads,will read
signifies,will signify
accept,will accept
encourage,will encourage
linger,will linger
forecast,will forecast
fumbles,will fumble
reproduces,will reproduce
volunteers,will volunteer
generates,will generate
whisper,will whisper
digs,will dig
foresees,will foresee
endorses,will endorse
teach,will teach
act,will act
endures,will endure
awaken,will awaken
markets,will market
illuminates,will illuminate
naps,will nap
grants,will grant
bids,will bid
inspects,will inspect
mediate,will mediate
comforts,will comfort
name,will name
exits,will exit
becomes,will become
tries,will try
costs,will cost
contracts,will contract
laughs,will laugh
suspend,will suspend
justifies,will justify
restores,will restore
distracts,will distract
practice,will practice
puts,will put
admits,will admit
researches,will research
sparkle,will sparkle
is,will be
pauses,will pause
itch,will itch
sizzles,will sizzle
endeavors,will endeavor
repurposes,will repurpose
begs,will beg
darns,will darn
receive,will receive
begrudges,will begrudge
navigate,will navigate
wonders,will wonder
cry,will cry
finishes,will finish
soars,will soar
enable,will enable
agree,will agree
moves,will move
comprehends,will comprehend
work,will work
studies,is going to study
talks,will talk
heats,will heat
determine,will determine
predict,will predict
forbid,will forbid
needs,will need
scares,will scare
opens,will open
engages,will engage
builds,is going to build
cleans,will clean
contradicts,will contradict
anticipates,will anticipate
submerges,will submerge
transmit,will transmit
control,will control
invades,will invade
conveys,will convey
campaign,will campaign
ventures,will venture
diverges,will diverge
mediates,will mediate
broadcasts,will broadcast
consider,will consider
hypothesizes,will hypothesize
plans,will plan
radiates,will radiate
accepts,will accept
mumble,will mumble
commiserates,will commiserate
categorizes,will categorize
shines,will shine
oscillate,will oscillate
barks,will bark
adopts,will adopt
cues,will cue
reboots,will reboot
changes,will change
morph,will morph
commands,will command
listens,is going to listen
correlates,will correlate
worries,will worry
lose,will lose
negotiates,will negotiate
flies,will fly
waters,will water
endure,will endure
schedules,will schedule
cherish,will cherish
contributes,will contribute
deducts,will deduct
grows,will grow
stops,will stop
skates,will skate
wish,will wish
witnesses,will witness
fossilizes,will fossilize
prunes,will prune
requires,will require
works,is going to work
pours,will pour
fish,will fish
marches,will march
exports,will export
roasts,will roast
smiles,is going to smile
delegates,will delegate
adventures,will adventure
discovers,will discover
entertains,will entertain
weighs,will weigh
defies,will defy
publish,will publish
venture,will venture
intimidates,will intimidate
hires,will hire
crystallizes,will crystallize
concentrates,will concentrate
sustains,will sustain
circumvents,will circumvent
wears,will wear
likes,will like
forgives,will forgive
chooses,will choose
restrict,will restrict
studies,will study
renovates,will renovate
arches,will arch
dashes,will dash
rebels,will rebel
responds,will respond
gives,is going to give
clouds,will cloud
renews,will renew
delay,will delay
value,will value
xeriscapes,will xeriscape
trade,will trade
advocate,will advocate
influence,will influence
repels,will repel
notifies,will notify
senses,will sense
immigrates,will immigrate
curves,will curve
elucidates,will elucidate
promotes,will promote
die,will die
sing,will sing
performs,will perform
administers,will administer
works,will work
chats,will chat
imagine,will imagine
leave,will leave
crouches,will crouch
releases,will release
swims,will swim
buys,will buy
oversees,will oversee
draw,will draw
demoralizes,will demoralize
walks,is going to walk
creates,will create
illumine,will illumine
sleep,will sleep
shares,will share
bow,will bow
catch,will catch
suspects,will suspect
earn,will earn
trains,will train
lament,will lament
reads,is going to read
disconnect,will disconnect
infect,will infect
obeys,will obey
learn,will learn
tells,will tell
pulls,will pull
asks,will ask
disable,will disable
imitate,will imitate
dares,will dare
classifies,will classify
books,will book
daunts,will daunt
displays,will display
replaces,will replace
conceals,will conceal
defines,will define
builds,will build
initiate,will initiate
spies,will spy
sets off,will set off
measures,will measure
quotes,will quote
guides,will guide
personifies,will personify
starves,will starve
holds,is going to hold
advises,will advise
reduces,will reduce
compiles,will compile
patches,will patch
vacations,will vacation
understands,will understand
unite,will unite
farm,will farm
meanders,will meander
drip,will drip
deflates,will deflate
closes,will close
evade,will evade
cheers,will cheer
draws,is going to draw
recalibrates,will recalibrate
grow,will grow
contends,will contend
departs,will depart
edits,will edit
embraces,will embrace
halt,will halt
generate,will generate
orbit,will orbit
regenerates,will regenerate
fall,will fall
cushions,will cushion
enter,will enter
load,will load
debates,will debate
extinguishes,will extinguish
repairs,will repair
laugh,will laugh
runs,is going to run
questions,is going to question
judge,will judge
enforce,will enforce
standardizes,will standardize
rushes,will rush
transverses,will transverse
confronts,will confront
volunteer,will volunteer
blooms,will bloom
modifies,will modify
makes,will make
discloses,will disclose
ignores,will ignore
dissatisfies,will dissatisfy
wants,will want
remembers,will remember
reprimands,will reprimand
highlights,will highlight
deciphers,will decipher
fluctuate,will fluctuate
wither,will wither
decide,will decide
learns,will learn
forget,will forget
explodes,will explode
examines,will examine
complicates,will complicate
charges,will charge
vitalizes,will vitalize
knows,will know
disconnects,will disconnect
buzz,will buzz
dreams,is going to dream
captures,will capture
consists,will consist
kicks,will kick
surfaces,will surface
probes,will probe
consoles,will console
sorts,will sort
injure,will injure
divides,will divide
hurries,will hurry
revisits,will revisit
persist,will persist
shows,is going to show
laughts,will laught
disagrees,will disagree
excludes,will exclude
evaluate,will evaluate
avoids,will avoid
absorbs,will absorb
misunderstands,will misunderstand
subsides,will subside
falls,will fall
suggests,will suggest
evaluates,will evaluate
triggers,will trigger
listen,will listen
support,will support
objects,will object
jogs,will jog
integrate,will integrate
reaches,will reach
licks,will lick
unites,will unite
deletes,will delete
instructs,will instruct
differ,will differ
applies,will apply
remain,will remain
compromises,will compromise
excavates,will excavate
improve,will improve
votes,will vote
internalizes,will internalize
soar,will soar
care,will care
revises,will revise
clears,will clear
inflates,will inflate
represents,will represent
sings,will sing
achieves,will achieve
worsen,will worsen
describes,will describe
jail,will jail
references,will reference
represses,will repress
demands,will demand
considers,will consider
provokes,will provoke
advance,will advance
graze,will graze
compete,will compete
design,will design
deny,will deny
welcomes,will welcome
cooks,will cook
recede,will recede
land,will land
cancels,will cancel
conceives,will conceive
destroys,will destroy
challenges,will challenge
strives,will strive
joke,will joke
gathers,will gather
exercises,will exercise
celebrates,will celebrate
clarify,will clarify
memorizes,will memorize
decries,will decry
perfects,will perfect
excites,will excite
writes,will write
admires,will admire
symbolizes,will symbolize
commences,will commence
determines,will determine
increase,will increase
modernizes,will modernize
tests,will test
tarries,will tarry
exemplifies,will exemplify
mentors,will mentor
blurs,will blur
melt,will melt
circumnavigates,will circumnavigate
films,will film
couples,will couple
commits,will commit
visits,will visit
executes,will execute
endows,will endow
snows,will snow
steams,will steam
invest,will invest
duplicates,will duplicate
races,will race
frame,will frame
polishes,will polish
comments,will comment
wakes,will wake
shapes,will shape
clutches,will clutch
labors,will labor
dishonors,will dishonor
recycles,will recycle
addresses,will address
mentions,will mention
supports,will support
augment,will augment
owns,will own
preserves,will preserve
requests,will request
counts,will count
thinks,will think
channels,will channel
paints,will paint
ensures,will ensure
launch,will launch
evolves,will evolve
resume,will resume
documents,will document
slumber,will slumber
authorizes,will authorize
showcases,will showcase
mute,will mute
refurbishes,will refurbish
propagates,will propagate
conducts,will conduct
fears,will fear
uncovers,will uncover
updates,will update
customizes,will customize
interprets,will interpret
lives,will live
laughs,is going to laugh
heal,will heal
merges,will merge
decipher,will decipher
punishes,will punish
decline,will decline
reflects,will reflect
plan,will plan
dances,is going to dance
grasps,will grasp
criticizes,will criticize
travel,will travel
study,will study
purchases,will purchase
revolutionizes,will revolutionize
migrates,will migrate
crushes,will crush
deduces,will deduce
devises,will devise
malfunctions,will malfunction
eats,is going to eat
protect,will protect
attaches,will attach
master,will master
clarifies,will clarify
approach,will approach
undermines,will undermine
harvest,will harvest
assists,will assist
forgets,will forget
collaborates,will collaborate
threatens,will threaten
appreciates,will appreciate
cares,will care
connect,will connect
upholds,will uphold
continues,will continue
prosper,will prosper
remains,will remain
conforms,will conform
formulates,will formulate
manage,will manage
adores,will adore
attracts,will attract
ignite,will ignite
pursues,will pursue
coughs,will cough
burns,will burn
imparts,will impart
reflect,will reflect
heals,will heal
disagree,will disagree
confers,will confer
tastes,will taste
credits,will credit
mutes,will mute
bestows,will bestow
withers,will wither
continue,will continue
improves,will improve
controls,will control
synchronizes,will synchronize
tolerates,will tolerate
cherishes,will cherish
sweeps,will sweep
strengthens,will strengthen
nail,will nail
complete,will complete
separate,will separate
watches,will watch
gather,will gather
discourage,will discourage
says,will say
investigates,will investigate
inspires,will inspire
greets,will greet
rakes,will rake
regresses,will regress
think,will think
doubt,will doubt
covers,will cover
exposes,will expose
ossify,will ossify
vibrate,will vibrate
revolves,will revolve
competes,will compete
loves,will love
whispers,will whisper
exceeds,will exceed
concludes,will conclude
completes,will complete
exhibits,will exhibit
neglect,will neglect
concentrate,will concentrate
dedicates,will dedicate
courses,will course
yields,will yield
journeys,will journey
opposes,will oppose
appraises,will appraise
balances,will balance
express,will express
motivates,will motivate
create,will create
underlines,will underline
organizes,will organize
flourishes,will flourish
consolidates,will consolidate
functions,will function
automates,will automate
maintains,will maintain
floats,will float
persuade,will persuade
surrenders,will surrender
jump,will jump
questions,will question
obtains,will obtain
rotates,will rotate
discourages,will discourage
swears,will swear
takes,is going to take
resonates,will resonate
jumble,will jumble
shrink,will shrink
furnishes,will furnish
confirm,will confirm
corresponds,will correspond
sews,will sew
decorates,will decorate
manufactures,will manufacture
forecasts,will forecast
fabricates,will fabricate
dances,will dance
empties,will empty
jolt,will jolt
stores,will store
xeroxes,will xerox
keeps,will keep
curses,will curse
lack,will lack
pleases,will please
emigrates,will emigrate
advances,will advance
recover,will recover
disseminates,will disseminate
flow,will flow
escapes,will escape
warps,will warp
hammer,will hammer
speaks,is going to speak
attend,will attend
harasses,will harass
mislead,will mislead
avoid,will avoid
assumes,will assume
gallops,will gallop
calms,will calm
corrupts,will corrupt
alters,will alter
hopes,will hope
curtails,will curtail
eat,will eat
destabilizes,will destabilize
suffers,will suffer
separates,will separate
insert,will insert
solve,will solve
deflagrate,will deflagrate
dims,will dim
converges,will converge
agrees,will agree
grills,will grill
imagines,will imagine
strolls,will stroll
plays,will play
curve,will curve
adorns,will adorn
records,will record
decrease,will decrease
contains,will contain
counsels,will counsel
blows,will blow
zips,will zip
converts,will convert
insult,will insult
confounds,will confound
returns,will return
reacts,will react
insults,will insult
praises,will praise
calls,will call
rents,will rent
includes,will include
rates,will rate
obstruct,will obstruct
zooms,will zoom
develops,will develop
conquers,will conquer
notice,will notice
obfuscates,will obfuscate
ascend,will ascend
idolize,will idolize
dissipates,will dissipate
complies,will comply
clashes,will clash
encapsulates,will encapsulate
realizes,will realize
warns,will warn
awaits,will await
weakens,will weaken
solaces,will solace
assigns,will assign
normalize,will normalize
prognosticates,will prognosticate
plummets,will plummet
condenses,will condense
detest,will detest
inaugurates,will inaugurate
splash,will splash
prioritizes,will prioritize
emerge,will emerge
hates,will hate
proves,will prove
cook,will cook
travels,will travel
deals,will deal
collect,will collect
motivate,will motivate
halts,will halt
contacts,will contact
devotes,will devote
jog,will jog
corroborates,will corroborate
mine,will mine
feels,will feel
struggle,will struggle
resolves,will resolve
defend,will defend
pardons,will pardon
defends,will defend
give,will give
leads,will lead
hides,will hide
pledges,will pledge
approves,will approve
explode,will explode
stabilize,will stabilize
walks,will walk
energizes,will energize
starts,will start
picks,will pick
require,will require
notify,will notify
innovates,will innovate
thins,will thin
lift,will lift
narrates,will narrate
strengthen,will strengthen
admire,will admire
revives,will revive
explains,will explain
enables,will enable
encourages,will encourage
communicates,will communicate
discusses,will discuss
terminates,will terminate
rewards,will reward
shouts,will shout
brings,will bring
acheive,will achieve
worsens,will worsen
copes,will cope
knocks,will knock
explores,will explore
hide,will hide
ignites,will ignite
implement,will implement
mime,will mime
adjusts,will adjust
despises,will despise
ascends,will ascend
frustrates,will frustrate
washes,will wash
supervises,will supervise
distrusts,will distrust
textes,will text
vibrates,will vibrate
drains,will drain
concerns,will concern
stabilizes,will stabilize
unveils,will unveil
join,will join
mock,will mock
decreases,will decrease
leap,will leap
coordinates,will coordinate
endangers,will endanger
bares,will bare
reminds,will remind
awakens,will awaken
fight,will fight
rescues,will rescue
kindle,will kindle
harvests,will harvest
utilizes,will utilize
chuckles,will chuckle
depletes,will deplete
deteriorates,will deteriorate
activates,will activate
overlooks,will overlook
deeds,will deed
crops,will crop
induce,will induce
choose,will choose
imitates,will imitate
plays,is going to play
transports,will transport
condemns,will condemn
refreshes,will refresh
travels,is going to travel
combs,will comb
murmurs,will murmur
involves,will involve
checks,will check
dislikes,will dislike
gallop,will gallop
stresses,will stress
sleeps,is going to sleep
negotiate,will negotiate
colors,will color
implies,will imply
eradicates,will eradicate
sails,will sail
sharpens,will sharpen
jest,will jest
serves,will serve
buries,will bury
compares,will compare
collides,will collide
declines,will decline
fries,will fry
ponder,will ponder
emphasizes,will emphasize
ameliorate,will ameliorate
affirms,will affirm
conflicts,will conflict
last,will last
diminishes,will diminish
enhances,will enhance
allows,will allow
contract,will contract
discharges,will discharge
narrate,will narrate
cries,will cry
segregate,will segregate
shows,will show
crisps,will crisp
progresses,will progress
accumulates,will accumulate
maintain,will maintain
confides,will confide
locate,will locate
aspires,will aspire
enters,will enter
covets,will covet
embellishes,will embellish
cause,will cause
destroy,will destroy
weaves,will weave
expect,will expect
sculpts,will sculpt
grind,will grind
end,will end
removes,will remove
claims,will claim
elongates,will elongate
zeros,will zero
imports,will import
archives,will archive
bloom,will bloom
sculpt,will sculpt
disempower,will disempower
regulates,will regulate
mail,will mail
vaporize,will vaporize
permit,will permit
entitles,will entitle
invalidate,will invalidate
attends,will attend
compresses,will compress
simplify,will simplify
warms,will warm
publishes,will publish
caresses,will caress
chastises,will chastise
divide,will divide
touches,will touch
churns,will churn
assimilates,will assimilate
governs,will govern
populates,will populate
contribute,will contribute
fills,will fill
visualizes,will visualize
manages,will manage
permits,will permit
dive,will dive
mops,will mop
conceal,will conceal
groups,will group
ascertains,will ascertain
hugs,will hug
practices,will practice
improvises,will improvise
build,will build
damages,will damage
pause,will pause
joins,will join
parades,will parade
helps,will help
suppress,will suppress
aggravates,will aggravate
prohibit,will prohibit
thrive,will thrive
receives,will receive
enlightens,will enlighten
specializes,will specialize
coaches,will coach
protects,will protect
sell,will sell
recharges,will recharge
dreams,will dream
simplifies,will simplify
organize,will organize
hush,will hush
disassembles,will disassemble
sends,will send
hate,will hate
solidifies,will solidify
misleads,will mislead
strategizes,will strategize
informs,will inform
exhausts,will exhaust
measure,will measure
promises,will promise
experiences,will experience
contrasts,will contrast
mark,will mark
thanks,will thank
replies,will reply
despise,will despise
sells,will sell
fluoresces,will fluoresce
scatters,will scatter
increases,will increase
creates,is going to create
retrieves,will retrieve
hope,will hope
dictate,will dictate
engage,will engage
start,will start
succeeds,will succeed
queries,will query
rebuilds,will rebuild
invent,will invent
contemplates,will contemplate
deactivates,will deactivate
isolate,will isolate
satisfies,will satisfy
appoints,will appoint
stifles,will stifle
decodes,will decode
publicizes,will publicize
orders,will order
accesses,will access
diagnoses,will diagnose
drift,will drift
interrupt,will interrupt
qualifies,will qualify
liquefies,will liquefy
remember,will remember
hunt,will hunt
amends,will amend
crowns,will crown
consults,will consult
lead,will lead
seems,will seem
sings,is going to sing
exercise,will exercise
meows,will meow
goes,will go
operates,will operate
erupt,will erupt
dream,will dream
produces,will produce
conceptualizes,will conceptualize
harmonizes,will harmonize
fades,will fade
collates,will collate
commence,will commence
deviates,will deviate
squanders,will squander
envisions,will envision
recalls,will recall
observe,will observe
merge,will merge
fantasizes,will fantasize
frowns,will frown
remarks,will remark
forbids,will forbid
appears,will appear
tidies,will tidy
request,will request
decays,will decay
ignore,will ignore
scores,will score
gives,will give
surge,will surge
jumps,is going to jump
invents,will invent
neglects,will neglect
donates,will donate
assembles,will assemble
fade,will fade
yawns,will yawn
hurts,will hurt
procrastinates,will procrastinate
opts,will opt
drinks,will drink
betrays,will betray
trust,will trust
jeopardize,will jeopardize
bakes,will bake
hurry,will hurry
constructs,will construct
focuses,will focus
clean,will clean
become,will become
confirms,will confirm
reject,will reject
derive,will derive
mix,will mix
ceases,will cease
modify,will modify
exists,will exist
selects,will select
disappear,will disappear
refines,will refine
unifies,will unify
epitomizes,will epitomize
validate,will validate
learns,is going to learn
crackle,will crackle
understand,will understand
campaigns,will campaign
loses,will lose
oscillates,will oscillate
devalue,will devalue
installs,will install
ice,will ice
wobbles,will wobble
instigates,will instigate
scrutinizes,will scrutinize
defeats,will defeat
harms,will harm
aligns,will align
models,will model
harm,will harm
insists,will insist
validates,will validate
crosses,will cross
acquires,will acquire
jabber,will jabber
corrects,will correct
moisten,will moisten
postpones,will postpone
paint,will paint
notices,will notice
ossifies,will ossify
assesses,will assess
broadcast,will broadcast
stays,will stay
evolve,will evolve
experiments,will experiment
lacks,will lack
label,will label
curbs,will curb
programs,will program
meditate,will meditate
soothes,will soothe
read,will read
conserves,will conserve
know,will know
initiates,will initiate
collapses,will collapse
connects,will connect
illustrates,will illustrate
earns,will earn
confesses,will confess
repulses,will repulse
thunders,will thunder
multiplies,will multiply
acts,will act
cremates,will cremate
degrade,will degrade
disrupts,will disrupt
intends,will intend
recommends,will recommend
love,will love
collects,will collect
adjudicate,will adjudicate
paraphrases,will paraphrase
rustle,will rustle
handle,will handle
kisses,will kiss
substitutes,will substitute
implodes,will implode
approaches,will approach
uploads,will upload
perforates,will perforate
dissects,will dissect
dawns,will dawn
concocts,will concoct
fails,will fail
kneel,will kneel
withholds,will withhold
denies,will deny
reserves,will reserve
phones,will phone
establishes,will establish
clasps,will clasp
knit,will knit
question,will question
climbs,will climb
catalyzes,will catalyze
justify,will justify
experiment,will experiment
values,will value
shop,will shop
run,will run
cultivates,will cultivate
relates,will relate
decelerates,will decelerate
packages,will package
creeps,will creep
boils,will boil
optimizes,will optimize
complicate,will complicate
implode,will implode
whims,will whim
lends,will lend
turns,will turn
cures,will cure
develop,will develop
links,will link
lure,will lure
starve,will starve
fakes,will fake
confines,will confine
believes,will believe
succumbs,will succumb
investigate,will investigate
vote,will vote
hears,will hear
haunt,will haunt
dazzles,will dazzle
transposes,will transpose
masters,will master
monitors,will monitor
sew,will sew
resurrects,will resurrect
sees,will see
pays,will pay
lean,will lean
segregates,will segregate
employs,will employ
holds,will hold
record,will record
regrets,will regret
synthesizes,will synthesize
agitates,will agitate
distributes,will distribute
safeguards,will safeguard
slumbers,will slumber
risks,will risk
persuades,will persuade
contests,will contest
donate,will donate
finds,will find
listens,will listen
echo,will echo
dives,will dive
originates,will originate
fasten,will fasten
silences,will silence
depart,will depart
roar,will roar
fail,will fail
rises,will rise
gears,will gear
reports,will report
verifies,will verify
digitizes,will digitize
facilitates,will facilitate
absolves,will absolve
cycles,will cycle
ends,will end
breaks,will break
acquits,will acquit
sail,will sail
nip,will nip
saves,will save
dam,will dam
baffles,will baffle
achieve,will achieve
fulfills,will fulfill
transform,will transform
empathizes,will empathize
educates,will educate
simulates,will simulate
draws,will draw
submits,will submit
dabs,will dab
adds,will add
moderate,will moderate
ponders,will ponder
dance,will dance
fancies,will fancy
files,will file
computes,will compute
speak,will speak
mash,will mash
face,will face
processes,will process
innovate,will innovate
deteriorate,will deteriorate
thinks,is going to think
charms,will charm
rejects,will reject
delays,will delay
impress,will impress
dismisses,will dismiss
resists,will resist
enjoys,will enjoy
bores,will bore
arrives,will arrive
lingers,will linger
spends,will spend
abandons,will abandon
nourish,will nourish
estimate,will estimate
trades,will trade
spreads,will spread
settles,will settle
sparks,will spark
elate,will elate
depends,will depend
prays,will pray
demonstrates,will demonstrate
believe,will believe
prohibits,will prohibit
implements,will implement
cross,will cross
chills,will chill
trusts,will trust
catches,will catch
participate,will participate
write,will write
succeed,will succeed
speculates,will speculate
introduces,will introduce
risk,will risk
rains,will rain
yells,will yell
guess,will guess
judges,will judge
amplifies,will amplify
evacuates,will evacuate
nurtures,will nurture
overcomes,will overcome
multiply,will multiply
